{
  "EUR-USD": "Euro/Dólar Americano",
  "DOGE-EUR": "Dogecoin/Euro",
  "USD-PLN": "Dólar Americano/Zlóti Polonês",
  "USD-BND": "Dólar Americano/Dólar de Brunei",
  "USD-HRK": "Dólar Americano/Kuna Croata",
  "USD-SZL": "Dólar Americano/Lilangeni Suazilandês",
  "SAR-USD": "Riyal Saudita/Dólar Americano",
  "USD-TJS": "Dólar Americano/Somoni do Tajiquistão",
  "USD-RUB": "Dólar Americano/Rublo Russo",
  "UAH-USD": "Hryvinia Ucraniana/Dólar Americano",
  "IQD-USD": "Dinar Iraquiano/Dólar Americano",
  "BRL-AUD": "Real Brasileiro/Dólar Australiano",
  "BRL-AED": "Real Brasileiro/Dirham dos Emirados",
  "BRL-BHD": "Real Brasileiro/Dinar do Bahrein",
  "BRL-SAR": "Real Brasileiro/Riyal Saudita",
  "EUR-NOK": "Euro/Coroa Norueguesa",
  "EUR-HUF": "Euro/Florim Húngaro",
  "EUR-CNY": "Euro/Yuan Chinês",
  "EUR-GNF": "Euro/Franco de Guiné",
  "EUR-IDR": "Euro/Rupia Indonésia",
  "EUR-IRR": "Euro/Rial Iraniano",
  "EUR-NAD": "Euro/Dólar Namíbio",
  "EUR-NIO": "Euro/Córdoba Nicaraguense",
  "EUR-UAH": "Euro/Hryvinia Ucraniana",
  "EUR-UYU": "Euro/Peso Uruguaio",
  "EUR-AZN": "Euro/Manat Azeri",
  "GBP-BRL": "Libra Esterlina/Real Brasileiro",
  "CHF-EUR": "Franco Suíço/Euro",
  "USD-ZAR": "Dólar Americano/Rand Sul-Africano",
  "USD-SEK": "Dólar Americano/Coroa Sueca",
  "USD-GMD": "Dólar Americano/Dalasi da Gâmbia",
  "USD-MAD": "Dólar Americano/Dirham Marroquino",
  "USD-RSD": "Dólar Americano/Dinar Sérvio",
  "USD-SVC": "Dólar Americano/Colon de El Salvador",
  "USD-YER": "Dólar Americano/Riyal Iemenita",
  "AED-USD": "Dirham dos Emirados/Dólar Americano",
  "INR-USD": "Rúpia Indiana/Dólar Americano",
  "USD-KGS": "Dólar Americano/Som Quirguistanês",
  "USD-NGNI": "Dólar Americano/Naira Nigeriana",
  "BRL-CHF": "Real Brasileiro/Franco Suíço",
  "BRL-DKK": "Real Brasileiro/Coroa Dinamarquesa",
  "BRL-JMD": "Real Brasileiro/Dólar Jamaicano",
  "BRL-LKR": "Real Brasileiro/Rúpia de Sri Lanka",
  "BRL-MAD": "Real Brasileiro/Dirham Marroquino",
  "BRL-NOK": "Real Brasileiro/Coroa Norueguesa",
  "BRL-RON": "Real Brasileiro/Leu Romeno",
  "BRL-RUB": "Real Brasileiro/Rublo Russo",
  "NOK-BRL": "Coroa Norueguesa/Real Brasileiro",
  "BRL-UYU": "Real Brasileiro/Peso Uruguaio",
  "EUR-SEK": "Euro/Coroa Sueca",
  "EUR-BBD": "Euro/Dólar de Barbados",
  "EUR-CVE": "Euro/Escudo cabo-verdiano",
  "EUR-HNL": "Euro/Lempira Hondurenha",
  "EUR-KZT": "Euro/Tengue Cazaquistanês",
  "EUR-LBP": "Euro/Libra Libanesa",
  "EUR-MOP": "Euro/Pataca de Macau",
  "EUR-PAB": "Euro/Balboa Panamenho",
  "EUR-PGK": "Euro/Kina Papua-Nova Guiné",
  "EUR-PHP": "Euro/Peso Filipino",
  "EUR-PYG": "Euro/Guarani Paraguaio",
  "EUR-RWF": "Euro/Franco Ruandês",
  "EUR-SDR": "Euro/DSE",
  "EUR-VND": "Euro/Dong Vietnamita",
  "MXN-EUR": "Peso Mexicano/Euro",
  "EUR-MZN": "Euro/Metical de Moçambique",
  "INR-EUR": "Rúpia Indiana/Euro",
  "EUR-AMD": "Euro/Dram Armênio",
  "EUR-GEL": "Euro/Lari Georgiano",
  "BTC-BRL": "Bitcoin/Real Brasileiro",
  "USD-DKK": "Dólar Americano/Coroa Dinamarquesa",
  "USD-THB": "Dólar Americano/Baht Tailandês",
  "USD-ALL": "Dólar Americano/Lek Albanês",
  "USD-BIF": "Dólar Americano/Franco Burundinense",
  "USD-GNF": "Dólar Americano/Franco de Guiné",
  "USD-LAK": "Dólar Americano/Kip Laosiano",
  "USD-NGN": "Dólar Americano/Naira Nigeriana",
  "USD-PKR": "Dólar Americano/Rúpia Paquistanesa",
  "DKK-USD": "Coroa Dinamarquesa/Dólar Americano",
  "BOB-USD": "Boliviano/Dólar Americano",
  "IDR-USD": "Rupia Indonésia/Dólar Americano",
  "USD-ZWL": "Dólar Americano/Dólar Zimbabuense",
  "BRL-CZK": "Real Brasileiro/Coroa Checa",
  "NZD-BRL": "Dólar Neozelandês/Real Brasileiro",
  "EUR-JOD": "Euro/Dinar Jordaniano",
  "EUR-LSL": "Euro/Loti do Lesoto",
  "EUR-RSD": "Euro/Dinar Sérvio",
  "EUR-XAF": "Euro/Franco CFA Central",
  "EUR-XPF": "Euro/Franco CFP",
  "SAR-EUR": "Riyal Saudita/Euro",
  "GEL-EUR": "Lari Georgiano/Euro",
  "XAGG-EUR": "XPrata/Euro",
  "CHF-BRL": "Franco Suíço/Real Brasileiro",
  "ETH-BRL": "Ethereum/Real Brasileiro",
  "USD-JOD": "Dólar Americano/Dinar Jordaniano",
  "USD-ARS": "Dólar Americano/Peso Argentino",
  "USD-BHD": "Dólar Americano/Dinar do Bahrein",
  "USD-CNY": "Dólar Americano/Yuan Chinês",
  "USD-ETB": "Dólar Americano/Birr Etíope",
  "USD-IRR": "Dólar Americano/Rial Iraniano",
  "USD-KZT": "Dólar Americano/Tengue Cazaquistanês",
  "USD-MKD": "Dólar Americano/Denar Macedônio",
  "USD-MOP": "Dólar Americano/Pataca de Macau",
  "USD-MYR": "Dólar Americano/Ringgit Malaio",
  "USD-NIO": "Dólar Americano/Córdoba Nicaraguense",
  "USD-TTD": "Dólar Americano/Dólar de Trinidad",
  "USD-VUV": "Dólar Americano/Vatu de Vanuatu",
  "EGP-USD": "Libra Egípcia/Dólar Americano",
  "USD-AOA": "Dólar Americano/Kwanza Angolano",
  "THB-USD": "Baht Tailandês/Dólar Americano",
  "SYP-USD": "Libra Síria/Dólar Americano",
  "BRL-BBD": "Real Brasileiro/Dólar de Barbados",
  "BRL-THB": "Real Brasileiro/Baht Tailandês",
  "BRL-TWD": "Real Brasileiro/Dólar Taiuanês",
  "DKK-BRL": "Coroa Dinamarquesa/Real Brasileiro",
  "COP-BRL": "Peso Colombiano/Real Brasileiro",
  "RUB-BRL": "Rublo Russo/Real Brasileiro",
  "EUR-CHF": "Euro/Franco Suíço",
  "EUR-SGD": "Euro/Dólar de Cingapura",
  "EUR-HKD": "Euro/Dólar de Hong Kong",
  "EUR-BIF": "Euro/Franco Burundinense",
  "EUR-BSD": "Euro/Dólar das Bahamas",
  "EUR-FJD": "Euro/Dólar de Fiji",
  "EUR-MRO": "Euro/Ouguiya Mauritana",
  "EUR-NPR": "Euro/Rúpia Nepalesa",
  "EUR-UGX": "Euro/Shilling Ugandês",
  "ZAR-EUR": "Rand Sul-Africano/Euro",
  "IDR-EUR": "Rupia Indonésia/Euro",
  "CNY-BRL": "Yuan Chinês/Real Brasileiro",
  "CAD-USD": "Dólar Canadense/Dólar Americano",
  "GBP-USD": "Libra Esterlina/Dólar Americano",
  "BRL-EUR": "Real Brasileiro/Euro",
  "BTC-EUR": "Bitcoin/Euro",
  "USD-SGD": "Dólar Americano/Dólar de Cingapura",
  "USD-CZK": "Dólar Americano/Coroa Checa",
  "USD-AMD": "Dólar Americano/Dram Armênio",
  "USD-BDT": "Dólar Americano/Taka de Bangladesh",
  "USD-BGN": "Dólar Americano/Lev Búlgaro",
  "USD-ISK": "Dólar Americano/Coroa Islandesa",
  "USD-LSL": "Dólar Americano/Loti do Lesoto",
  "USD-MGA": "Dólar Americano/Ariary Madagascarense",
  "USD-PGK": "Dólar Americano/Kina Papua-Nova Guiné",
  "USD-UZS": "Dólar Americano/Som Uzbequistanês",
  "USD-MZN": "Dólar Americano/Metical de Moçambique",
  "KWD-USD": "Dinar Kuwaitiano/Dólar Americano",
  "HUF-USD": "Florim Húngaro/Dólar Americano",
  "BRL-NPR": "Real Brasileiro/Rúpia Nepalesa",
  "BRL-PEN": "Real Brasileiro/Sol do Peru",
  "INR-BRL": "Rúpia Indiana/Real Brasileiro",
  "EUR-CAD": "Euro/Dólar Canadense",
  "EUR-TRY": "Euro/Nova Lira Turca",
  "EUR-AFN": "Euro/Afghani do Afeganistão",
  "EUR-BDT": "Euro/Taka de Bangladesh",
  "EUR-BZD": "Euro/Dólar de Belize",
  "EUR-CRC": "Euro/Colón Costarriquenho",
  "EUR-MDL": "Euro/Leu Moldavo",
  "EUR-SVC": "Euro/Colon de El Salvador",
  "EUR-XOF": "Euro/Franco CFA Ocidental",
  "HUF-EUR": "Florim Húngaro/Euro",
  "AUD-USD": "Dólar Australiano/Dólar Americano",
  "LTC-USD": "Litecoin/Dólar Americano",
  "ILS-EUR": "Novo Shekel Israelense/Euro",
  "XRP-EUR": "XRP/Euro",
  "USD-GTQ": "Dólar Americano/Quetzal Guatemalteco",
  "USD-JMD": "Dólar Americano/Dólar Jamaicano",
  "USD-MUR": "Dólar Americano/Rúpia Mauriciana",
  "USD-NAD": "Dólar Americano/Dólar Namíbio",
  "USD-SCR": "Dólar Americano/Rúpias de Seicheles",
  "USD-ZMK": "Dólar Americano/Kwacha Zambiana",
  "TRY-USD": "Nova Lira Turca/Dólar Americano",
  "VND-USD": "Dong Vietnamita/Dólar Americano",
  "USD-TMT": "Dólar Americano/TMT",
  "BRL-GBP": "Real Brasileiro/Libra Esterlina",
  "BRL-OMR": "Real Brasileiro/Rial Omanense",
  "MXN-BRL": "Peso Mexicano/Real Brasileiro",
  "PLN-BRL": "Zlóti Polonês/Real Brasileiro",
  "EUR-PLN": "Euro/Zlóti Polonês",
  "EUR-KRW": "Euro/Won Sul-Coreano",
  "EUR-BYN": "Euro/Rublo Bielorrusso",
  "EUR-CLP": "Euro/Peso Chileno",
  "EUR-ISK": "Euro/Coroa Islandesa",
  "EUR-LKR": "Euro/Rúpia de Sri Lanka",
  "EUR-MWK": "Euro/Kwacha Malauiana",
  "EUR-SOS": "Euro/Shilling Somaliano",
  "EUR-STD": "Euro/Dobra São Tomé/Príncipe",
  "SGD-EUR": "Dólar de Cingapura/Euro",
  "EUR-BRL": "Euro/Real Brasileiro",
  "JPY-USD": "Iene Japonês/Dólar Americano",
  "CNY-USD": "Yuan Chinês/Dólar Americano",
  "AUD-EUR": "Dólar Australiano/Euro",
  "USD-KRW": "Dólar Americano/Won Sul-Coreano",
  "GHS-USD": "Cedi Ganês/Dólar Americano",
  "USD-HNL": "Dólar Americano/Lempira Hondurenha",
  "USD-KMF": "Dólar Americano/Franco Comorense",
  "USD-PHP": "Dólar Americano/Peso Filipino",
  "USD-VND": "Dólar Americano/Dong Vietnamita",
  "BYN-USD": "Rublo Bielorrusso/Dólar Americano",
  "AFN-USD": "Afghani do Afeganistão/Dólar Americano",
  "IRR-USD": "Rial Iraniano/Dólar Americano",
  "BRL-JPY": "Real Brasileiro/Iene Japonês",
  "BRL-MXN": "Real Brasileiro/Peso Mexicano",
  "BRL-IDR": "Real Brasileiro/Rupia Indonésia",
  "BRL-JOD": "Real Brasileiro/Dinar Jordaniano",
  "BRL-MYR": "Real Brasileiro/Ringgit Malaio",
  "SAR-BRL": "Riyal Saudita/Real Brasileiro",
  "TRY-BRL": "Nova Lira Turca/Real Brasileiro",
  "PYG-BRL": "Guarani Paraguaio/Real Brasileiro",
  "EUR-DKK": "Euro/Coroa Dinamarquesa",
  "EUR-MXN": "Euro/Peso Mexicano",
  "BHD-EUR": "Dinar do Bahrein/Euro",
  "EUR-CUP": "Euro/Peso Cubano",
  "EUR-HRK": "Euro/Kuna Croata",
  "DKK-EUR": "Coroa Dinamarquesa/Euro",
  "EUR-XCD": "Euro/Dólar do Caribe Oriental",
  "JOD-EUR": "Dinar Jordaniano/Euro",
  "EUR-RUB": "Euro/Rublo Russo",
  "ILS-USD": "Novo Shekel Israelense/Dólar Americano",
  "USD-HUF": "Dólar Americano/Florim Húngaro",
  "FJD-USD": "Dólar de Fiji/Dólar Americano",
  "USD-GBP": "Dólar Americano/Libra Esterlina",
  "USD-LBP": "Dólar Americano/Libra Libanesa",
  "USD-OMR": "Dólar Americano/Rial Omanense",
  "USD-RON": "Dólar Americano/Leu Romeno",
  "USD-XCD": "Dólar Americano/Dólar do Caribe Oriental",
  "USD-XOF": "Dólar Americano/Franco CFA Ocidental",
  "NOK-USD": "Coroa Norueguesa/Dólar Americano",
  "NIO-USD": "Córdoba Nicaraguense/Dólar Americano",
  "XBR-USD": "Brent Spot/Dólar Americano",
  "AED-BRL": "Dirham dos Emirados/Real Brasileiro",
  "BRL-LBP": "Real Brasileiro/Libra Libanesa",
  "BRL-SEK": "Real Brasileiro/Coroa Sueca",
  "BRL-XAF": "Real Brasileiro/Franco CFA Central",
  "HKD-BRL": "Dólar de Hong Kong/Real Brasileiro",
  "EUR-BHD": "Euro/Dinar do Bahrein",
  "EUR-GHS": "Euro/Cedi Ganês",
  "EUR-KYD": "Euro/Dólar das Ilhas Cayman",
  "EUR-MYR": "Euro/Ringgit Malaio",
  "EUR-SDG": "Euro/Libra Sudanesa",
  "EUR-SYP": "Euro/Libra Síria",
  "EUR-SZL": "Euro/Lilangeni Suazilandês",
  "SEK-EUR": "Coroa Sueca/Euro",
  "XRP-BRL": "XRP/Real Brasileiro",
  "BRL-USD": "Real Brasileiro/Dólar Americano",
  "USD-FJD": "Dólar Americano/Dólar de Fiji",
  "USD-IQD": "Dólar Americano/Dinar Iraquiano",
  "USD-KHR": "Dólar Americano/Riel Cambojano",
  "USD-XPF": "Dólar Americano/Franco CFP",
  "UYU-USD": "Peso Uruguaio/Dólar Americano",
  "XAGG-USD": "XPrata/Dólar Americano",
  "ZAR-BRL": "Rand Sul-Africano/Real Brasileiro",
  "EUR-ARS": "Euro/Peso Argentino",
  "EUR-COP": "Euro/Peso Colombiano",
  "EUR-GTQ": "Euro/Quetzal Guatemalteco",
  "EUR-MKD": "Euro/Denar Macedônio",
  "EUR-MMK": "Euro/Kyat de Mianmar",
  "EUR-OMR": "Euro/Rial Omanense",
  "EUR-TZS": "Euro/Shilling Tanzaniano",
  "PLN-EUR": "Zlóti Polonês/Euro",
  "BYN-EUR": "Rublo Bielorrusso/Euro",
  "USD-BRLT": "Dólar Americano/Real Brasileiro Turismo",
  "GBP-EUR": "Libra Esterlina/Euro",
  "ARS-EUR": "Peso Argentino/Euro",
  "DOGE-USD": "Dogecoin/Dólar Americano",
  "USD-CHF": "Dólar Americano/Franco Suíço",
  "USD-HKD": "Dólar Americano/Dólar de Hong Kong",
  "KYD-USD": "Dólar das Ilhas Cayman/Dólar Americano",
  "USD-AUD": "Dólar Americano/Dólar Australiano",
  "USD-COP": "Dólar Americano/Peso Colombiano",
  "USD-IDR": "Dólar Americano/Rupia Indonésia",
  "USD-LYD": "Dólar Americano/Dinar Líbio",
  "USD-VEF": "Dólar Americano/Bolívar Venezuelano",
  "COP-USD": "Peso Colombiano/Dólar Americano",
  "MYR-USD": "Ringgit Malaio/Dólar Americano",
  "BRL-CAD": "Real Brasileiro/Dólar Canadense",
  "BRL-CNY": "Real Brasileiro/Yuan Chinês",
  "BRL-HUF": "Real Brasileiro/Florim Húngaro",
  "BRL-ILS": "Real Brasileiro/Novo Shekel Israelense",
  "BRL-KRW": "Real Brasileiro/Won Sul-Coreano",
  "BRL-NZD": "Real Brasileiro/Dólar Neozelandês",
  "BRL-VEF": "Real Brasileiro/Bolívar Venezuelano",
  "EUR-AED": "Euro/Dirham dos Emirados",
  "EUR-ANG": "Euro/Guilder das Antilhas",
  "EUR-KHR": "Euro/Riel Cambojano",
  "AED-EUR": "Dirham dos Emirados/Euro",
  "CAD-BRL": "Dólar Canadense/Real Brasileiro",
  "JPY-BRL": "Iene Japonês/Real Brasileiro",
  "ILS-BRL": "Novo Shekel Israelense/Real Brasileiro",
  "USD-TRY": "Dólar Americano/Nova Lira Turca",
  "USD-MXN": "Dólar Americano/Peso Mexicano",
  "USD-ILS": "Dólar Americano/Novo Shekel Israelense",
  "USD-INR": "Dólar Americano/Rúpia Indiana",
  "USD-NZD": "Dólar Americano/Dólar Neozelandês",
  "USD-QAR": "Dólar Americano/Rial Catarense",
  "USD-SOS": "Dólar Americano/Shilling Somaliano",
  "BRL-ARS": "Real Brasileiro/Peso Argentino",
  "BRL-EGP": "Real Brasileiro/Libra Egípcia",
  "BRL-INR": "Real Brasileiro/Rúpia Indiana",
  "BRL-PHP": "Real Brasileiro/Peso Filipino",
  "EUR-MGA": "Euro/Ariary Madagascarense",
  "EUR-NGN": "Euro/Naira Nigeriana",
  "EUR-QAR": "Euro/Rial Catarense",
  "PEN-EUR": "Sol do Peru/Euro",
  "CAD-EUR": "Dólar Canadense/Euro",
  "USD-NOK": "Dólar Americano/Coroa Norueguesa",
  "USD-KWD": "Dólar Americano/Dinar Kuwaitiano",
  "USD-CRC": "Dólar Americano/Colón Costarriquenho",
  "USD-MMK": "Dólar Americano/Kyat de Mianmar",
  "USD-PAB": "Dólar Americano/Balboa Panamenho",
  "USD-PYG": "Dólar Americano/Guarani Paraguaio",
  "USD-SYP": "Dólar Americano/Libra Síria",
  "MXN-USD": "Peso Mexicano/Dólar Americano",
  "RUB-USD": "Rublo Russo/Dólar Americano",
  "BRL-HKD": "Real Brasileiro/Dólar de Hong Kong",
  "BRL-KES": "Real Brasileiro/Shilling Queniano",
  "BRL-PLN": "Real Brasileiro/Zlóti Polonês",
  "BRL-COP": "Real Brasileiro/Peso Colombiano",
  "EUR-JPY": "Euro/Iene Japonês",
  "EUR-AUD": "Euro/Dólar Australiano",
  "EUR-NZD": "Euro/Dólar Neozelandês",
  "EUR-CZK": "Euro/Coroa Checa",
  "EUR-ALL": "Euro/Lek Albanês",
  "EUR-GMD": "Euro/Dalasi da Gâmbia",
  "EUR-LAK": "Euro/Kip Laosiano",
  "EUR-LYD": "Euro/Dinar Líbio",
  "EUR-PEN": "Euro/Sol do Peru",
  "EUR-SCR": "Euro/Rúpias de Seicheles",
  "EUR-TND": "Euro/Dinar Tunisiano",
  "EUR-TWD": "Euro/Dólar Taiuanês",
  "TRY-EUR": "Nova Lira Turca/Euro",
  "EUR-AOA": "Euro/Kwanza Angolano",
  "USD-BRL": "Dólar Americano/Real Brasileiro",
  "CNY-EUR": "Yuan Chinês/Euro",
  "NZD-USD": "Dólar Neozelandês/Dólar Americano",
  "USD-DZD": "Dólar Americano/Dinar Argelino",
  "USD-GHS": "Dólar Americano/Cedi Ganês",
  "USD-MWK": "Dólar Americano/Kwacha Malauiana",
  "USD-NPR": "Dólar Americano/Rúpia Nepalesa",
  "USD-RWF": "Dólar Americano/Franco Ruandês",
  "USD-SDG": "Dólar Americano/Libra Sudanesa",
  "USD-XAF": "Dólar Americano/Franco CFA Central",
  "SEK-USD": "Coroa Sueca/Dólar Americano",
  "PEN-USD": "Sol do Peru/Dólar Americano",
  "USD-BYN": "Dólar Americano/Rublo Bielorrusso",
  "USD-AZN": "Dólar Americano/Manat Azeri",
  "USD-CNH": "Dólar Americano/Yuan chinês offshore",
  "PHP-USD": "Peso Filipino/Dólar Americano",
  "BRL-CLP": "Real Brasileiro/Peso Chileno",
  "SGD-BRL": "Dólar de Cingapura/Real Brasileiro",
  "BRL-ZAR": "Real Brasileiro/Rand Sul-Africano",
  "SEK-BRL": "Coroa Sueca/Real Brasileiro",
  "THB-BRL": "Baht Tailandês/Real Brasileiro",
  "PEN-BRL": "Sol do Peru/Real Brasileiro",
  "EUR-GBP": "Euro/Libra Esterlina",
  "EUR-ILS": "Euro/Novo Shekel Israelense",
  "EUR-BOB": "Euro/Boliviano",
  "EUR-DOP": "Euro/Peso Dominicano",
  "EUR-EGP": "Euro/Libra Egípcia",
  "EUR-INR": "Euro/Rúpia Indiana",
  "EUR-PKR": "Euro/Rúpia Paquistanesa",
  "EUR-RON": "Euro/Leu Romeno",
  "EUR-SAR": "Euro/Riyal Saudita",
  "EUR-TTD": "Euro/Dólar de Trinidad",
  "NZD-EUR": "Dólar Neozelandês/Euro",
  "EGP-EUR": "Libra Egípcia/Euro",
  "KWD-EUR": "Dinar Kuwaitiano/Euro",
  "ETH-USD": "Ethereum/Dólar Americano",
  "XRP-USD": "XRP/Dólar Americano",
  "USD-EUR": "Dólar Americano/Euro",
  "JPY-EUR": "Iene Japonês/Euro",
  "ETH-EUR": "Ethereum/Euro",
  "DOGE-BRL": "Dogecoin/Real Brasileiro",
  "USD-JPY": "Dólar Americano/Iene Japonês",
  "USD-SAR": "Dólar Americano/Riyal Saudita",
  "USD-ANG": "Dólar Americano/Guilder das Antilhas",
  "USD-CLP": "Dólar Americano/Peso Chileno",
  "USD-CUP": "Dólar Americano/Peso Cubano",
  "USD-UGX": "Dólar Americano/Shilling Ugandês",
  "HKD-USD": "Dólar de Hong Kong/Dólar Americano",
  "PYG-USD": "Guarani Paraguaio/Dólar Americano",
  "BRL-PAB": "Real Brasileiro/Balboa Panamenho",
  "TWD-BRL": "Dólar Taiuanês/Real Brasileiro",
  "BRL-BOB": "Real Brasileiro/Boliviano",
  "EUR-ZAR": "Euro/Rand Sul-Africano",
  "EUR-BGN": "Euro/Lev Búlgaro",
  "EUR-BND": "Euro/Dólar de Brunei",
  "EUR-DJF": "Euro/Franco do Djubouti",
  "EUR-IQD": "Euro/Dinar Iraquiano",
  "EUR-ZMK": "Euro/Kwacha Zambiana",
  "MAD-EUR": "Dirham Marroquino/Euro",
  "LTC-BRL": "Litecoin/Real Brasileiro",
  "AUD-BRL": "Dólar Australiano/Real Brasileiro",
  "ARS-USD": "Peso Argentino/Dólar Americano",
  "LTC-EUR": "Litecoin/Euro",
  "SGD-USD": "Dólar de Cingapura/Dólar Americano",
  "USD-BBD": "Dólar Americano/Dólar de Barbados",
  "USD-BOB": "Dólar Americano/Boliviano",
  "USD-BSD": "Dólar Americano/Dólar das Bahamas",
  "USD-BZD": "Dólar Americano/Dólar de Belize",
  "USD-DOP": "Dólar Americano/Peso Dominicano",
  "USD-LKR": "Dólar Americano/Rúpia de Sri Lanka",
  "USD-MDL": "Dólar Americano/Leu Moldavo",
  "USD-PEN": "Dólar Americano/Sol do Peru",
  "USD-TND": "Dólar Americano/Dinar Tunisiano",
  "USD-TWD": "Dólar Americano/Dólar Taiuanês",
  "USD-UAH": "Dólar Americano/Hryvinia Ucraniana",
  "PLN-USD": "Zlóti Polonês/Dólar Americano",
  "TWD-USD": "Dólar Taiuanês/Dólar Americano",
  "ZAR-USD": "Rand Sul-Africano/Dólar Americano",
  "CLP-USD": "Peso Chileno/Dólar Americano",
  "KRW-USD": "Won Sul-Coreano/Dólar Americano",
  "JOD-USD": "Dinar Jordaniano/Dólar Americano",
  "USD-MNT": "Dólar Americano/Mongolian Tugrik",
  "USD-AFN": "Dólar Americano/Afghani do Afeganistão",
  "BRL-SGD": "Real Brasileiro/Dólar de Cingapura",
  "BRL-PKR": "Real Brasileiro/Rúpia Paquistanesa",
  "BRL-QAR": "Real Brasileiro/Rial Catarense",
  "CLP-BRL": "Peso Chileno/Real Brasileiro",
  "BOB-BRL": "Boliviano/Real Brasileiro",
  "EUR-BAM": "Euro/Marco Conversível",
  "EUR-BWP": "Euro/Pula de Botswana",
  "EUR-ETB": "Euro/Birr Etíope",
  "EUR-JMD": "Euro/Dólar Jamaicano",
  "EUR-KWD": "Euro/Dinar Kuwaitiano",
  "EUR-MAD": "Euro/Dirham Marroquino",
  "GHS-EUR": "Cedi Ganês/Euro",
  "HKD-EUR": "Dólar de Hong Kong/Euro",
  "TWD-EUR": "Dólar Taiuanês/Euro",
  "KRW-EUR": "Won Sul-Coreano/Euro",
  "ARS-BRL": "Peso Argentino/Real Brasileiro",
  "CHF-USD": "Franco Suíço/Dólar Americano",
  "BTC-USD": "Bitcoin/Dólar Americano",
  "USD-CAD": "Dólar Americano/Dólar Canadense",
  "USD-AED": "Dólar Americano/Dirham dos Emirados",
  "USD-BWP": "Dólar Americano/Pula de Botswana",
  "USD-EGP": "Dólar Americano/Libra Egípcia",
  "USD-GEL": "Dólar Americano/Lari Georgiano",
  "USD-HTG": "Dólar Americano/Gourde Haitiano",
  "USD-KES": "Dólar Americano/Shilling Queniano",
  "USD-MVR": "Dólar Americano/Rufiyaa Maldiva",
  "USD-TZS": "Dólar Americano/Shilling Tanzaniano",
  "USD-UYU": "Dólar Americano/Peso Uruguaio",
  "BRL-ISK": "Real Brasileiro/Coroa Islandesa",
  "BRL-NAD": "Real Brasileiro/Dólar Namíbio",
  "BRL-TRY": "Real Brasileiro/Nova Lira Turca",
  "BRL-XCD": "Real Brasileiro/Dólar do Caribe Oriental",
  "BRL-XOF": "Real Brasileiro/Franco CFA Ocidental",
  "BRL-PYG": "Real Brasileiro/Guarani Paraguaio",
  "UYU-BRL": "Peso Uruguaio/Real Brasileiro",
  "EUR-THB": "Euro/Baht Tailandês",
  "EUR-DZD": "Euro/Dinar Argelino",
  "EUR-HTG": "Euro/Gourde Haitiano",
  "EUR-KES": "Euro/Shilling Queniano",
  "EUR-MUR": "Euro/Rúpia Mauriciana",
  "EUR-UZS": "Euro/Som Uzbequistanês",
  "EUR-VEF": "Euro/Bolívar Venezuelano",
  "NOK-EUR": "Coroa Norueguesa/Euro",
  "RUB-EUR": "Rublo Russo/Euro",
  "EUR-TJS": "Euro/Somoni do Tajiquistão"
}
